"Time (s)","Recording (a.u.)"
0.000000000E0,-9.883569553E-3
2.083333333E-5,-9.132130072E-3
4.166666667E-5,-8.551189676E-3
6.250000000E-5,-8.078381419E-3
8.333333333E-5,-7.503194734E-3
1.041666667E-4,-6.884879898E-3
1.250000000E-4,-6.336403079E-3
1.458333333E-4,-5.952408537E-3
1.666666667E-4,-5.655041430E-3
1.875000000E-4,-5.290233064E-3
2.083333333E-4,-4.786942154E-3
2.291666667E-4,-4.161008168E-3
2.500000000E-4,-3.450954100E-3
2.708333333E-4,-2.749972511E-3
2.916666667E-4,-2.173245186E-3
3.125000000E-4,-1.690958394E-3
3.333333333E-4,-1.218693913E-3
3.541666667E-4,-7.513243472E-4
3.750000000E-4,-4.917480401E-4
3.958333333E-4,-2.157223353E-4
4.166666667E-4,3.582465579E-4
4.375000000E-4,1.071940991E-3
4.583333333E-4,1.951086335E-3
4.791666667E-4,2.791030332E-3
5.000000000E-4,3.331147600E-3
5.208333333E-4,3.558154684E-3
5.416666667E-4,3.765061963E-3
5.625000000E-4,4.191623069E-3
5.833333333E-4,4.663443193E-3
6.041666667E-4,5.244899541E-3
6.250000000E-4,5.782329012E-3
6.458333333E-4,6.239036564E-3
6.666666667E-4,6.835889537E-3
6.875000000E-4,7.425135002E-3
7.083333333E-4,8.025011048E-3
7.291666667E-4,8.544687182E-3
7.500000000E-4,8.873916231E-3
7.708333333E-4,9.120170958E-3
7.916666667E-4,9.453402832E-3
8.125000000E-4,9.988743812E-3
8.333333333E-4,1.051423792E-2
8.541666667E-4,1.105595566E-2
8.750000000E-4,1.165063586E-2
8.958333333E-4,1.217188872E-2
9.166666667E-4,1.264263317E-2
9.375000000E-4,1.297234278E-2
9.583333333E-4,1.306725480E-2
9.791666667E-4,1.293572411E-2
1.000000000E-3,1.294633187E-2
1.020833333E-3,1.324223541E-2
1.041666667E-3,1.356051583E-2
1.062500000E-3,1.387715992E-2
1.083333333E-3,1.399574988E-2
1.104166667E-3,1.390596479E-2
1.125000000E-3,1.382185332E-2
1.145833333E-3,1.380635798E-2
1.166666667E-3,1.385614369E-2
1.187500000E-3,1.382422633E-2
1.208333333E-3,1.367510017E-2
1.229166667E-3,1.337374002E-2
1.250000000E-3,1.315289736E-2
1.270833333E-3,1.322077401E-2
1.291666667E-3,1.333763637E-2
1.312500000E-3,1.338694990E-2
1.333333333E-3,1.328952238E-2
1.354166667E-3,1.307901740E-2
1.375000000E-3,1.281985641E-2
1.395833333E-3,1.253211219E-2
1.416666667E-3,1.227363385E-2
1.437500000E-3,1.191948168E-2
1.458333333E-3,1.158047095E-2
1.479166667E-3,1.137486938E-2
1.500000000E-3,1.121974550E-2
1.520833333E-3,1.101911347E-2
1.541666667E-3,1.073615998E-2
1.562500000E-3,1.039538905E-2
1.583333333E-3,9.997496381E-3
1.604166667E-3,9.732981212E-3
1.625000000E-3,9.453960694E-3
1.645833333E-3,9.062086232E-3
1.666666667E-3,8.730202913E-3
1.687500000E-3,8.338830434E-3
1.708333333E-3,8.027635515E-3
1.729166667E-3,7.876634598E-3
1.750000000E-3,7.778290659E-3
1.770833333E-3,7.640864234E-3
1.791666667E-3,7.273385301E-3
1.812500000E-3,6.736462470E-3
1.833333333E-3,6.154173985E-3
1.854166667E-3,5.660141818E-3
1.875000000E-3,5.243026651E-3
1.895833333E-3,4.834038205E-3
1.916666667E-3,4.568268079E-3
1.937500000E-3,4.298165441E-3
1.958333333E-3,3.992498387E-3
1.979166667E-3,3.680873662E-3
2.000000000E-3,3.214526456E-3
2.020833333E-3,2.644438995E-3
2.041666667E-3,2.060564468E-3
2.062500000E-3,1.525762724E-3
2.083333333E-3,1.007055282E-3
2.104166667E-3,5.857890355E-4
2.125000000E-3,2.118868724E-4
2.145833333E-3,-1.577036892E-4
2.166666667E-3,-3.903405741E-4
2.187500000E-3,-6.561526097E-4
2.208333333E-3,-9.725183481E-4
2.229166667E-3,-1.268986613E-3
2.250000000E-3,-1.674162690E-3
2.270833333E-3,-2.256046515E-3
2.291666667E-3,-2.781546907E-3
2.312500000E-3,-3.100472270E-3
2.333333333E-3,-3.239761340E-3
2.354166667E-3,-3.155448241E-3
2.375000000E-3,-3.166398499E-3
2.395833333E-3,-3.406064119E-3
2.416666667E-3,-3.719989909E-3
2.437500000E-3,-4.056988284E-3
2.458333333E-3,-4.348857794E-3
2.479166667E-3,-4.622198641E-3
2.500000000E-3,-4.725430626E-3
2.520833333E-3,-4.694378935E-3
2.541666667E-3,-4.718857817E-3
2.562500000E-3,-4.703140818E-3
2.583333333E-3,-4.671796225E-3
2.604166667E-3,-4.711221438E-3
2.625000000E-3,-4.755247384E-3
2.645833333E-3,-4.784636665E-3
2.666666667E-3,-4.884843715E-3
2.687500000E-3,-5.004055798E-3
2.708333333E-3,-5.156178493E-3
2.729166667E-3,-5.324674305E-3
2.750000000E-3,-5.364967510E-3
2.770833333E-3,-5.267225206E-3
2.791666667E-3,-5.020648241E-3
2.812500000E-3,-4.837595858E-3
2.833333333E-3,-4.796770401E-3
2.854166667E-3,-4.832467530E-3
2.875000000E-3,-4.945105873E-3
2.895833333E-3,-4.931328818E-3
2.916666667E-3,-4.796038382E-3
2.937500000E-3,-4.626905080E-3
2.958333333E-3,-4.460104741E-3
2.979166667E-3,-4.223188385E-3
3.000000000E-3,-3.874293994E-3
3.020833333E-3,-3.582342761E-3
3.041666667E-3,-3.304840764E-3
3.062500000E-3,-3.069897182E-3
3.083333333E-3,-2.901555970E-3
3.104166667E-3,-2.664026106E-3
3.125000000E-3,-2.402993152E-3
3.145833333E-3,-2.101392718E-3
3.166666667E-3,-1.735027763E-3
3.187500000E-3,-1.397491782E-3
3.208333333E-3,-1.066700905E-3
3.229166667E-3,-7.031389978E-4
3.250000000E-3,-2.911791671E-4
3.270833333E-3,1.124209884E-4
3.291666667E-3,3.434177488E-4
3.312500000E-3,4.656387609E-4
3.333333333E-3,5.634794361E-4
3.354166667E-3,6.787037710E-4
3.375000000E-3,9.809311014E-4
3.395833333E-3,1.392813167E-3
3.416666667E-3,1.809024601E-3
3.437500000E-3,2.219299786E-3
3.458333333E-3,2.559410408E-3
3.479166667E-3,2.788684797E-3
3.500000000E-3,2.886193106E-3
3.520833333E-3,2.900084015E-3
3.541666667E-3,2.937145997E-3
3.562500000E-3,3.071575658E-3
3.583333333E-3,3.323379206E-3
3.604166667E-3,3.673471510E-3
3.625000000E-3,3.931743093E-3
3.645833333E-3,4.064944573E-3
3.666666667E-3,4.190441687E-3
3.687500000E-3,4.336637445E-3
3.708333333E-3,4.486429505E-3
3.729166667E-3,4.485107027E-3
3.750000000E-3,4.383491352E-3
3.770833333E-3,4.295022227E-3
3.791666667E-3,4.300515167E-3
3.812500000E-3,4.468654282E-3
3.833333333E-3,4.761908669E-3
3.854166667E-3,5.101394840E-3
3.875000000E-3,5.263715517E-3
3.895833333E-3,5.323751830E-3
3.916666667E-3,5.331094377E-3
3.937500000E-3,5.229107104E-3
3.958333333E-3,5.205158144E-3
3.979166667E-3,5.233523436E-3
4.000000000E-3,5.270064343E-3
4.020833333E-3,5.348188803E-3
4.041666667E-3,5.494296551E-3
4.062500000E-3,5.647071637E-3
4.083333333E-3,5.668008234E-3
4.104166667E-3,5.560156889E-3
4.125000000E-3,5.342771299E-3
4.145833333E-3,5.113535561E-3
4.166666667E-3,4.901384469E-3
4.187500000E-3,4.675497301E-3
4.208333333E-3,4.483848810E-3
4.229166667E-3,4.345348105E-3
4.250000000E-3,4.245570861E-3
4.270833333E-3,4.170650616E-3
4.291666667E-3,4.082998727E-3
4.312500000E-3,3.871735651E-3
4.333333333E-3,3.615701571E-3
4.354166667E-3,3.311787033E-3
4.375000000E-3,2.925714478E-3
4.395833333E-3,2.634593751E-3
4.416666667E-3,2.371625509E-3
4.437500000E-3,2.170328982E-3
4.458333333E-3,2.042253269E-3
4.479166667E-3,1.839984790E-3
4.500000000E-3,1.623856835E-3
4.520833333E-3,1.330223982E-3
4.541666667E-3,9.439147543E-4
4.562500000E-3,5.593114183E-4
4.583333333E-3,1.733716490E-4
4.604166667E-3,-2.006637660E-4
4.625000000E-3,-5.576664116E-4
4.645833333E-3,-8.643937763E-4
4.666666667E-3,-1.186938724E-3
4.687500000E-3,-1.598444767E-3
4.708333333E-3,-1.947135432E-3
4.729166667E-3,-2.245994750E-3
4.750000000E-3,-2.607857343E-3
4.770833333E-3,-2.994138747E-3
4.791666667E-3,-3.437695559E-3
4.812500000E-3,-3.926350735E-3
4.833333333E-3,-4.411168396E-3
4.854166667E-3,-4.835885484E-3
4.875000000E-3,-5.152845755E-3
4.895833333E-3,-5.427116994E-3
4.916666667E-3,-5.695043132E-3
4.937500000E-3,-6.063319277E-3
4.958333333E-3,-6.550374441E-3
4.979166667E-3,-7.035274059E-3
5.000000000E-3,-7.490518969E-3
5.020833333E-3,-7.898026146E-3
5.041666667E-3,-8.331686258E-3
5.062500000E-3,-8.801879361E-3
5.083333333E-3,-9.176617488E-3
5.104166667E-3,-9.478785098E-3
5.125000000E-3,-9.721606970E-3
5.145833333E-3,-9.903424419E-3
5.166666667E-3,-1.016269438E-2
5.187500000E-3,-1.046267990E-2
5.208333333E-3,-1.079010777E-2
5.229166667E-3,-1.121316943E-2
5.250000000E-3,-1.155216992E-2
5.270833333E-3,-1.179742441E-2
5.291666667E-3,-1.199608855E-2
5.312500000E-3,-1.212270372E-2
5.333333333E-3,-1.228760835E-2
5.354166667E-3,-1.241847593E-2
5.375000000E-3,-1.254166290E-2
5.395833333E-3,-1.275568735E-2
5.416666667E-3,-1.300920080E-2
5.437500000E-3,-1.331545226E-2
5.458333333E-3,-1.354529709E-2
5.479166667E-3,-1.366625633E-2
5.500000000E-3,-1.372211799E-2
5.520833333E-3,-1.369759440E-2
5.541666667E-3,-1.375054196E-2
5.562500000E-3,-1.387192309E-2
5.583333333E-3,-1.390670333E-2
5.604166667E-3,-1.388558280E-2
5.625000000E-3,-1.390190795E-2
5.645833333E-3,-1.396898925E-2
5.666666667E-3,-1.407010201E-2
5.687500000E-3,-1.415446028E-2
5.708333333E-3,-1.415050216E-2
5.729166667E-3,-1.403430291E-2
5.750000000E-3,-1.386797335E-2
5.770833333E-3,-1.372148748E-2
5.791666667E-3,-1.365886349E-2
5.812500000E-3,-1.370420586E-2
5.833333333E-3,-1.376423705E-2
5.854166667E-3,-1.382042095E-2
5.875000000E-3,-1.386560500E-2
5.895833333E-3,-1.383090764E-2
5.916666667E-3,-1.367142051E-2
5.937500000E-3,-1.329424791E-2
5.958333333E-3,-1.267837919E-2
5.979166667E-3,-1.206173562E-2
6.000000000E-3,-1.164760068E-2
6.020833333E-3,-1.130954456E-2
6.041666667E-3,-1.101437304E-2
6.062500000E-3,-1.064054668E-2
6.083333333E-3,-1.002705842E-2
6.104166667E-3,-9.451385587E-3
6.125000000E-3,-8.914839476E-3
6.145833333E-3,-8.345704526E-3
6.166666667E-3,-7.807073649E-3
6.187500000E-3,-7.224077359E-3
6.208333333E-3,-6.647366099E-3
6.229166667E-3,-5.973027553E-3
6.250000000E-3,-5.386613775E-3
6.270833333E-3,-5.085378420E-3
6.291666667E-3,-4.822698422E-3
6.312500000E-3,-4.432845861E-3
6.333333333E-3,-3.801636165E-3
6.354166667E-3,-3.095021006E-3
6.375000000E-3,-2.378394594E-3
6.395833333E-3,-1.615685644E-3
6.416666667E-3,-1.033311943E-3
6.437500000E-3,-5.978257977E-4
6.458333333E-3,-2.477655362E-4
6.479166667E-3,6.174090959E-5
6.500000000E-3,4.399974132E-4
6.520833333E-3,9.412786458E-4
6.541666667E-3,1.686780946E-3
6.562500000E-3,2.524773125E-3
6.583333333E-3,3.185950220E-3
6.604166667E-3,3.634450259E-3
6.625000000E-3,4.099357873E-3
6.645833333E-3,4.582327325E-3
6.666666667E-3,4.967608489E-3
6.687500000E-3,5.480331369E-3
6.708333333E-3,5.883351900E-3
6.729166667E-3,6.157444790E-3
6.750000000E-3,6.610698067E-3
6.770833333E-3,7.116060238E-3
6.791666667E-3,7.781372406E-3
6.812500000E-3,8.483336307E-3
6.833333333E-3,9.028854780E-3
6.854166667E-3,9.525294416E-3
6.875000000E-3,9.860338643E-3
6.895833333E-3,1.010154933E-2
6.916666667E-3,1.045664772E-2
6.937500000E-3,1.092343591E-2
6.958333333E-3,1.140215248E-2
6.979166667E-3,1.192164794E-2
7.000000000E-3,1.249901205E-2
7.020833333E-3,1.299154572E-2
7.041666667E-3,1.336069312E-2
7.062500000E-3,1.350079849E-2
7.083333333E-3,1.346013788E-2
7.104166667E-3,1.355574746E-2
7.125000000E-3,1.385795604E-2
7.145833333E-3,1.420579571E-2
7.166666667E-3,1.432727464E-2
7.187500000E-3,1.429660246E-2
7.208333333E-3,1.437715255E-2
7.229166667E-3,1.447294280E-2
7.250000000E-3,1.456273906E-2
7.270833333E-3,1.463106275E-2
7.291666667E-3,1.469072141E-2
7.312500000E-3,1.465266477E-2
7.333333333E-3,1.430253312E-2
7.354166667E-3,1.400431246E-2
7.375000000E-3,1.391887479E-2
7.395833333E-3,1.400233340E-2
7.416666667E-3,1.420474239E-2
7.437500000E-3,1.419155858E-2
7.458333333E-3,1.412614435E-2
7.479166667E-3,1.401476376E-2
7.500000000E-3,1.373657864E-2
7.520833333E-3,1.341946796E-2
7.541666667E-3,1.310500130E-2
7.562500000E-3,1.292373799E-2
7.583333333E-3,1.280373801E-2
7.604166667E-3,1.261742413E-2
7.625000000E-3,1.227130461E-2
7.645833333E-3,1.187786646E-2
7.666666667E-3,1.158483885E-2
7.687500000E-3,1.136657316E-2
7.708333333E-3,1.119872835E-2
7.729166667E-3,1.087564602E-2
7.750000000E-3,1.047011930E-2
7.770833333E-3,1.007767953E-2
7.791666667E-3,9.628755972E-3
7.812500000E-3,9.280052967E-3
7.833333333E-3,9.110184386E-3
7.854166667E-3,9.045187384E-3
7.875000000E-3,8.927580900E-3
7.895833333E-3,8.670447394E-3
7.916666667E-3,8.248614147E-3
7.937500000E-3,7.648384199E-3
7.958333333E-3,7.105241064E-3
7.979166667E-3,6.658070255E-3
8.000000000E-3,6.143867038E-3
8.020833333E-3,5.743288901E-3
8.041666667E-3,5.487095565E-3
8.062500000E-3,5.152134225E-3
8.083333333E-3,4.728274420E-3
8.104166667E-3,4.217226990E-3
8.125000000E-3,3.652554005E-3
8.145833333E-3,3.138618544E-3
8.166666667E-3,2.570113400E-3
8.187500000E-3,1.941682305E-3
8.208333333E-3,1.360229682E-3
8.229166667E-3,8.510537446E-4
8.250000000E-3,4.628482275E-4
8.270833333E-3,1.634266519E-4
8.291666667E-3,-7.625234139E-5
8.312500000E-3,-3.396394313E-4
8.333333333E-3,-6.865574396E-4
8.354166667E-3,-1.127444557E-3
8.375000000E-3,-1.655087108E-3
8.395833333E-3,-2.148696221E-3
8.416666667E-3,-2.574203536E-3
8.437500000E-3,-2.805104712E-3
8.458333333E-3,-2.868948504E-3
8.479166667E-3,-2.966071712E-3
8.500000000E-3,-3.078084439E-3
8.520833333E-3,-3.274498973E-3
8.541666667E-3,-3.556802636E-3
8.562500000E-3,-3.851661459E-3
8.583333333E-3,-4.141552839E-3
8.604166667E-3,-4.292360041E-3
8.625000000E-3,-4.375946708E-3
8.645833333E-3,-4.467898980E-3
8.666666667E-3,-4.475693218E-3
8.687500000E-3,-4.460141063E-3
8.708333333E-3,-4.416667391E-3
8.729166667E-3,-4.363737069E-3
8.750000000E-3,-4.362080246E-3
8.770833333E-3,-4.367606714E-3
8.791666667E-3,-4.512607120E-3
8.812500000E-3,-4.735347815E-3
8.833333333E-3,-4.850357771E-3
8.854166667E-3,-4.922051448E-3
8.875000000E-3,-4.821911454E-3
8.895833333E-3,-4.578110762E-3
8.916666667E-3,-4.388031550E-3
8.937500000E-3,-4.287242424E-3
8.958333333E-3,-4.323068075E-3
8.979166667E-3,-4.386945162E-3
9.000000000E-3,-4.418756813E-3
9.020833333E-3,-4.345548339E-3
9.041666667E-3,-4.174287431E-3
9.062500000E-3,-4.041179083E-3
9.083333333E-3,-3.898905125E-3
9.104166667E-3,-3.691434395E-3
9.125000000E-3,-3.320066957E-3
9.145833333E-3,-2.920509782E-3
9.166666667E-3,-2.668629400E-3
9.187500000E-3,-2.411814639E-3
9.208333333E-3,-2.149325563E-3
9.229166667E-3,-1.947689801E-3
9.250000000E-3,-1.722007524E-3
9.270833333E-3,-1.442065695E-3
9.291666667E-3,-1.144247828E-3
9.312500000E-3,-8.253042470E-4
9.333333333E-3,-4.490103456E-4
9.354166667E-3,-1.646975579E-5
9.375000000E-3,3.622004879E-4
9.395833333E-3,6.307098665E-4
9.416666667E-3,8.839394432E-4
9.437500000E-3,1.076307613E-3
9.458333333E-3,1.211940544E-3
9.479166667E-3,1.439965097E-3
9.500000000E-3,1.767592505E-3
9.520833333E-3,2.149137668E-3
9.541666667E-3,2.534959931E-3
9.562500000E-3,2.960578073E-3
9.583333333E-3,3.361586016E-3
9.604166667E-3,3.575118259E-3
9.625000000E-3,3.739711596E-3
9.645833333E-3,3.891036380E-3
9.666666667E-3,4.019436426E-3
9.687500000E-3,4.278303124E-3
9.708333333E-3,4.584840499E-3
9.729166667E-3,4.804486874E-3
9.750000000E-3,4.952111747E-3
9.770833333E-3,5.153636448E-3
9.791666667E-3,5.438982509E-3
9.812500000E-3,5.683939904E-3
9.833333333E-3,5.775318481E-3
9.854166667E-3,5.748198368E-3
9.875000000E-3,5.701472517E-3
9.895833333E-3,5.640889518E-3
9.916666667E-3,5.695031956E-3
9.937500000E-3,5.871926434E-3
9.958333333E-3,6.144207902E-3
9.979166667E-3,6.433772855E-3
1.000000000E-2,6.562490948E-3
1.002083333E-2,6.622680463E-3
1.004166667E-2,6.625604816E-3
1.006250000E-2,6.628298666E-3
1.008333333E-2,6.648918614E-3
1.010416667E-2,6.638940889E-3
1.012500000E-2,6.702547427E-3
1.014583333E-2,6.812986918E-3
1.016666667E-2,6.978455931E-3
1.018750000E-2,7.086216472E-3
1.020833333E-2,7.061815821E-3
1.022916667E-2,7.019120269E-3
1.025000000E-2,6.922123954E-3
1.027083333E-2,6.755420938E-3
1.029166667E-2,6.500402000E-3
1.031250000E-2,6.165965460E-3
1.033333333E-2,5.853636656E-3
1.035416667E-2,5.690975115E-3
1.037500000E-2,5.649863277E-3
1.039583333E-2,5.524075124E-3
1.041666667E-2,5.332082044E-3
1.043750000E-2,5.082078278E-3
1.045833333E-2,4.723935854E-3
1.047916667E-2,4.358245060E-3
1.050000000E-2,3.980044276E-3
1.052083333E-2,3.599791555E-3
1.054166667E-2,3.265772481E-3
1.056250000E-2,2.935802564E-3
1.058333333E-2,2.620094223E-3
1.060416667E-2,2.354871714E-3
1.062500000E-2,2.123033162E-3
1.064583333E-2,1.831615926E-3
1.066666667E-2,1.391540980E-3
1.068750000E-2,9.600343765E-4
1.070833333E-2,5.790547584E-4
1.072916667E-2,2.085617743E-4
1.075000000E-2,-9.458912973E-5
1.077083333E-2,-4.905322567E-4
1.079166667E-2,-8.985677268E-4
1.081250000E-2,-1.203885069E-3
1.083333333E-2,-1.482026069E-3
1.085416667E-2,-1.744936919E-3
1.087500000E-2,-2.112512942E-3
1.089583333E-2,-2.588331467E-3
1.091666667E-2,-3.112633014E-3
1.093750000E-2,-3.652215935E-3
1.095833333E-2,-4.111194052E-3
1.097916667E-2,-4.477473907E-3
1.100000000E-2,-4.810084123E-3
1.102083333E-2,-5.113095976E-3
1.104166667E-2,-5.420778878E-3
1.106250000E-2,-5.754488055E-3
1.108333333E-2,-6.134620868E-3
1.110416667E-2,-6.575038657E-3
1.112500000E-2,-6.990035065E-3
1.114583333E-2,-7.397260517E-3
1.116666667E-2,-7.775260601E-3
1.118750000E-2,-8.077473380E-3
1.120833333E-2,-8.342836052E-3
1.122916667E-2,-8.655214682E-3
1.125000000E-2,-8.971486241E-3
1.127083333E-2,-9.164218791E-3
1.129166667E-2,-9.339449927E-3
1.131250000E-2,-9.619742632E-3
1.133333333E-2,-1.004999597E-2
1.135416667E-2,-1.053933799E-2
1.137500000E-2,-1.094931550E-2
1.139583333E-2,-1.124686003E-2
1.141666667E-2,-1.138813421E-2
1.143750000E-2,-1.149743050E-2
1.145833333E-2,-1.166969910E-2
1.147916667E-2,-1.181347668E-2
1.150000000E-2,-1.202169992E-2
1.152083333E-2,-1.231155451E-2
1.154166667E-2,-1.256353781E-2
1.156250000E-2,-1.282308251E-2
1.158333333E-2,-1.305585075E-2
1.160416667E-2,-1.324648596E-2
1.162500000E-2,-1.339870505E-2
1.164583333E-2,-1.349373534E-2
1.166666667E-2,-1.358670741E-2
1.168750000E-2,-1.364807691E-2
1.170833333E-2,-1.370056439E-2
1.172916667E-2,-1.376631204E-2
1.175000000E-2,-1.383887045E-2
1.177083333E-2,-1.395934261E-2
1.179166667E-2,-1.405898202E-2
1.181250000E-2,-1.412486471E-2
1.183333333E-2,-1.418014988E-2
1.185416667E-2,-1.413767133E-2
1.187500000E-2,-1.404334791E-2
1.189583333E-2,-1.398058515E-2
1.191666667E-2,-1.391360816E-2
1.193750000E-2,-1.384735480E-2
1.195833333E-2,-1.384385861E-2
1.197916667E-2,-1.383886673E-2
1.200000000E-2,-1.379457861E-2
1.202083333E-2,-1.374345738E-2
1.204166667E-2,-1.362593472E-2
1.206250000E-2,-1.338534337E-2
1.208333333E-2,-1.294283755E-2
1.210416667E-2,-1.240639575E-2
1.212500000E-2,-1.195509359E-2
1.214583333E-2,-1.165729668E-2
1.216666667E-2,-1.143372152E-2
1.218750000E-2,-1.096679550E-2
1.220833333E-2,-1.040858310E-2
1.222916667E-2,-9.977369569E-3
1.225000000E-2,-9.465241805E-3
1.227083333E-2,-8.846800774E-3
1.229166667E-2,-8.205793798E-3
1.231250000E-2,-7.634921465E-3
1.233333333E-2,-7.100745104E-3
1.235416667E-2,-6.577853579E-3
1.237500000E-2,-6.080247462E-3
1.239583333E-2,-5.590504035E-3
1.241666667E-2,-5.233492702E-3
1.243750000E-2,-4.800700117E-3
1.245833333E-2,-4.219566472E-3
1.247916667E-2,-3.667377867E-3
1.250000000E-2,-3.027395811E-3
1.252083333E-2,-2.275244566E-3
1.254166667E-2,-1.583455363E-3
1.256250000E-2,-1.122234273E-3
1.258333333E-2,-8.270796388E-4
1.260416667E-2,-5.151196383E-4
1.262500000E-2,-2.336144098E-5
1.264583333E-2,6.816996029E-4
1.266666667E-2,1.398741733E-3
1.268750000E-2,2.112267539E-3
1.270833333E-2,2.799213864E-3
1.272916667E-2,3.277207725E-3
1.275000000E-2,3.712720703E-3
1.277083333E-2,4.260634072E-3
1.279166667E-2,4.724665079E-3
1.281250000E-2,5.139647517E-3
1.283333333E-2,5.607970990E-3
1.285416667E-2,6.055832375E-3
1.287500000E-2,6.633153185E-3
1.289583333E-2,7.312808651E-3
1.291666667E-2,7.876858115E-3
1.293750000E-2,8.443736471E-3
1.295833333E-2,9.007257409E-3
1.297916667E-2,9.501579218E-3
1.300000000E-2,1.002203487E-2
1.302083333E-2,1.045242883E-2
1.304166667E-2,1.078569982E-2
1.306250000E-2,1.120481826E-2
1.308333333E-2,1.173434965E-2
1.310416667E-2,1.233294047E-2
1.312500000E-2,1.290327404E-2
1.314583333E-2,1.328202896E-2
1.316666667E-2,1.352473628E-2
1.318750000E-2,1.371061243E-2
1.320833333E-2,1.379102096E-2
1.322916667E-2,1.395458169E-2
1.325000000E-2,1.422439422E-2
1.327083333E-2,1.439673733E-2
1.329166667E-2,1.454612985E-2
1.331250000E-2,1.464373991E-2
1.333333333E-2,1.465885993E-2
1.335416667E-2,1.472196542E-2
1.337500000E-2,1.470279880E-2
1.339583333E-2,1.463918295E-2
1.341666667E-2,1.470880955E-2
1.343750000E-2,1.478155516E-2
1.345833333E-2,1.469171979E-2
1.347916667E-2,1.447338238E-2
1.350000000E-2,1.435017399E-2
1.352083333E-2,1.428811811E-2
1.354166667E-2,1.423180848E-2
1.356250000E-2,1.428072061E-2
1.358333333E-2,1.424083486E-2
1.360416667E-2,1.403311267E-2
1.362500000E-2,1.369031705E-2
1.364583333E-2,1.322674658E-2
1.366666667E-2,1.289960369E-2
1.368750000E-2,1.270328276E-2
1.370833333E-2,1.243302971E-2
1.372916667E-2,1.212849282E-2
1.375000000E-2,1.176387351E-2
1.377083333E-2,1.138436608E-2
1.379166667E-2,1.108008530E-2
1.381250000E-2,1.083392370E-2
1.383333333E-2,1.059731562E-2
1.385416667E-2,1.023089234E-2
1.387500000E-2,9.805360809E-3
1.389583333E-2,9.371227585E-3
1.391666667E-2,8.950456046E-3
1.393750000E-2,8.632958867E-3
1.395833333E-2,8.352917619E-3
1.397916667E-2,8.089418523E-3
1.400000000E-2,7.756349631E-3
1.402083333E-2,7.419175003E-3
1.404166667E-2,7.086480968E-3
1.406250000E-2,6.472654641E-3
1.408333333E-2,5.806784611E-3
1.410416667E-2,5.285104271E-3
1.412500000E-2,4.802284297E-3
1.414583333E-2,4.472884815E-3
1.416666667E-2,4.208594561E-3
1.418750000E-2,3.879267722E-3
1.420833333E-2,3.422840731E-3
1.422916667E-2,2.839792985E-3
1.425000000E-2,2.208787017E-3
1.427083333E-2,1.597011578E-3
1.429166667E-2,1.072203391E-3
1.431250000E-2,5.224922788E-4
1.433333333E-2,1.273839734E-5
1.435416667E-2,-3.666136763E-4
1.437500000E-2,-7.398769958E-4
1.439583333E-2,-1.053211745E-3
1.441666667E-2,-1.258614706E-3
1.443750000E-2,-1.533915754E-3
1.445833333E-2,-1.891311374E-3
1.447916667E-2,-2.252988052E-3
1.450000000E-2,-2.664420288E-3
1.452083333E-2,-3.067588434E-3
1.454166667E-2,-3.425594419E-3
1.456250000E-2,-3.647304606E-3
1.458333333E-2,-3.711556550E-3
1.460416667E-2,-3.809385467E-3
1.462500000E-2,-3.960475326E-3
1.464583333E-2,-4.193336703E-3
1.466666667E-2,-4.498040304E-3
1.468750000E-2,-4.801204428E-3
1.470833333E-2,-5.072563887E-3
1.472916667E-2,-5.147174001E-3
1.475000000E-2,-5.080115516E-3
1.477083333E-2,-5.040458404E-3
1.479166667E-2,-5.073789507E-3
1.481250000E-2,-5.185206886E-3
1.483333333E-2,-5.236850120E-3
1.485416667E-2,-5.260968115E-3
1.487500000E-2,-5.336233880E-3
1.489583333E-2,-5.390952341E-3
1.491666667E-2,-5.523172207E-3
1.493750000E-2,-5.757195409E-3
1.495833333E-2,-5.923791789E-3
1.497916667E-2,-5.898650736E-3
1.500000000E-2,-5.788331851E-3
1.502083333E-2,-5.756658502E-3
1.504166667E-2,-5.712067708E-3
1.506250000E-2,-5.688409321E-3
1.508333333E-2,-5.696096458E-3
1.510416667E-2,-5.689080805E-3
1.512500000E-2,-5.730377976E-3
1.514583333E-2,-5.681643263E-3
1.516666667E-2,-5.561081227E-3
1.518750000E-2,-5.445891526E-3
1.520833333E-2,-5.316657014E-3
1.522916667E-2,-5.031281617E-3
1.525000000E-2,-4.622810520E-3
1.527083333E-2,-4.375665914E-3
1.529166667E-2,-4.111290909E-3
1.531250000E-2,-3.806686494E-3
1.533333333E-2,-3.558686934E-3
1.535416667E-2,-3.322901903E-3
1.537500000E-2,-3.142802743E-3
1.539583333E-2,-2.877463354E-3
1.541666667E-2,-2.525913762E-3
1.543750000E-2,-2.086239867E-3
1.545833333E-2,-1.695014769E-3
1.547916667E-2,-1.439427957E-3
1.550000000E-2,-1.115204766E-3
1.552083333E-2,-7.749425131E-4
1.554166667E-2,-4.806193465E-4
1.556250000E-2,-2.794971806E-4
1.558333333E-2,-8.938500832E-5
1.560416667E-2,1.029149571E-4
1.562500000E-2,3.284690320E-4
1.564583333E-2,7.520951331E-4
1.566666667E-2,1.188534079E-3
1.568750000E-2,1.695351559E-3
1.570833333E-2,2.090967726E-3
1.572916667E-2,2.178727416E-3
1.575000000E-2,2.228158060E-3
1.577083333E-2,2.314134035E-3
1.579166667E-2,2.522387542E-3
1.581250000E-2,2.769137966E-3
1.583333333E-2,3.076858353E-3
1.585416667E-2,3.391557373E-3
1.587500000E-2,3.631675150E-3
1.589583333E-2,3.952011932E-3
1.591666667E-2,4.178169649E-3
1.593750000E-2,4.340705462E-3
1.595833333E-2,4.504104611E-3
1.597916667E-2,4.515880719E-3
1.600000000E-2,4.449842963E-3
1.602083333E-2,4.507007077E-3
1.604166667E-2,4.666504916E-3
1.606250000E-2,4.871534184E-3
1.608333333E-2,5.138301756E-3
1.610416667E-2,5.309750792E-3
1.612500000E-2,5.453716498E-3
1.614583333E-2,5.532052368E-3
1.616666667E-2,5.501097534E-3
1.618750000E-2,5.516213365E-3
1.620833333E-2,5.529312417E-3
1.622916667E-2,5.627995823E-3
1.625000000E-2,5.755174905E-3
1.627083333E-2,5.824873224E-3
1.629166667E-2,5.915340967E-3
1.631250000E-2,5.970707163E-3
1.633333333E-2,5.966536235E-3
1.635416667E-2,5.838821642E-3
1.637500000E-2,5.630325992E-3
1.639583333E-2,5.417561159E-3
1.641666667E-2,5.247263238E-3
1.643750000E-2,5.080531351E-3
1.645833333E-2,4.889853764E-3
1.647916667E-2,4.862556234E-3
1.650000000E-2,4.811834544E-3
1.652083333E-2,4.565169103E-3
1.654166667E-2,4.315480124E-3
1.656250000E-2,4.092093557E-3
1.658333333E-2,3.816453740E-3
1.660416667E-2,3.463382134E-3
1.662500000E-2,3.098175162E-3
1.664583333E-2,2.763552591E-3
1.666666667E-2,2.457026392E-3
1.668750000E-2,2.205945086E-3
1.670833333E-2,1.948599005E-3
1.672916667E-2,1.665369142E-3
1.675000000E-2,1.432455145E-3
1.677083333E-2,1.096946537E-3
1.679166667E-2,6.266005803E-4
1.681250000E-2,2.251445258E-4
1.683333333E-2,-1.766142232E-4
1.685416667E-2,-6.068248185E-4
1.687500000E-2,-9.671284934E-4
1.689583333E-2,-1.327043516E-3
1.691666667E-2,-1.699491404E-3
1.693750000E-2,-2.065857872E-3
1.695833333E-2,-2.449861728E-3
1.697916667E-2,-2.787336474E-3
1.700000000E-2,-3.100067843E-3
1.702083333E-2,-3.513005562E-3
1.704166667E-2,-3.959724214E-3
1.706250000E-2,-4.378422163E-3
1.708333333E-2,-4.852471873E-3
1.710416667E-2,-5.255008116E-3
1.712500000E-2,-5.516583100E-3
1.714583333E-2,-5.812878255E-3
1.716666667E-2,-6.206403021E-3
1.718750000E-2,-6.674857810E-3
1.720833333E-2,-7.196155842E-3
1.722916667E-2,-7.718677633E-3
1.725000000E-2,-8.211106062E-3
1.727083333E-2,-8.681791835E-3
1.729166667E-2,-9.083866142E-3
1.731250000E-2,-9.408065118E-3
1.733333333E-2,-9.693227708E-3
1.735416667E-2,-9.919436648E-3
1.737500000E-2,-1.014962420E-2
1.739583333E-2,-1.038699783E-2
1.741666667E-2,-1.062112395E-2
1.743750000E-2,-1.091843937E-2
1.745833333E-2,-1.127011795E-2
1.747916667E-2,-1.168502029E-2
1.750000000E-2,-1.203593239E-2
1.752083333E-2,-1.224320568E-2
1.754166667E-2,-1.242014952E-2
1.756250000E-2,-1.262409054E-2
1.758333333E-2,-1.283660345E-2
1.760416667E-2,-1.301505696E-2
1.762500000E-2,-1.320809126E-2
1.764583333E-2,-1.342440769E-2
1.766666667E-2,-1.368206926E-2
1.768750000E-2,-1.394960470E-2
1.770833333E-2,-1.413736306E-2
1.772916667E-2,-1.428974047E-2
1.775000000E-2,-1.435893867E-2
1.777083333E-2,-1.439168211E-2
1.779166667E-2,-1.446150430E-2
1.781250000E-2,-1.451293193E-2
1.783333333E-2,-1.465186104E-2
1.785416667E-2,-1.482654829E-2
1.787500000E-2,-1.489235833E-2
1.789583333E-2,-1.495499723E-2
1.791666667E-2,-1.503208559E-2
1.793750000E-2,-1.504006237E-2
1.795833333E-2,-1.501340233E-2
1.797916667E-2,-1.492002420E-2
1.800000000E-2,-1.479761861E-2
1.802083333E-2,-1.475367229E-2
1.804166667E-2,-1.472569071E-2
1.806250000E-2,-1.469835453E-2
1.808333333E-2,-1.467698347E-2
1.810416667E-2,-1.469695196E-2
1.812500000E-2,-1.472434215E-2
1.814583333E-2,-1.463514566E-2
1.816666667E-2,-1.441018656E-2
1.818750000E-2,-1.398215629E-2
1.820833333E-2,-1.344033331E-2
1.822916667E-2,-1.294671372E-2
1.825000000E-2,-1.256822422E-2
1.827083333E-2,-1.230621152E-2
1.829166667E-2,-1.204288192E-2
1.831250000E-2,-1.166219451E-2
1.833333333E-2,-1.103447098E-2
1.835416667E-2,-1.038285438E-2
1.837500000E-2,-9.907925501E-3
1.839583333E-2,-9.375957772E-3
1.841666667E-2,-8.770143613E-3
1.843750000E-2,-8.302359842E-3
1.845833333E-2,-7.853848860E-3
1.847916667E-2,-7.293578237E-3
1.850000000E-2,-6.953401025E-3
1.852083333E-2,-6.632221397E-3
1.854166667E-2,-6.051497068E-3
1.856250000E-2,-5.558489356E-3
1.858333333E-2,-5.033159163E-3
1.860416667E-2,-4.346564412E-3
1.862500000E-2,-3.638255410E-3
1.864583333E-2,-2.960526617E-3
1.866666667E-2,-2.402740065E-3
1.868750000E-2,-2.023290843E-3
1.870833333E-2,-1.767494483E-3
1.872916667E-2,-1.442945795E-3
1.875000000E-2,-9.886203334E-4
1.877083333E-2,-1.970449521E-4
1.879166667E-2,7.985174889E-4
1.881250000E-2,1.506961999E-3
1.883333333E-2,2.074180637E-3
1.885416667E-2,2.536105923E-3
1.887500000E-2,2.835383173E-3
1.889583333E-2,3.292662557E-3
1.891666667E-2,3.880342934E-3
1.893750000E-2,4.381190520E-3
1.895833333E-2,4.860519432E-3
1.897916667E-2,5.338161718E-3
1.900000000E-2,5.787171889E-3
1.902083333E-2,6.450644694E-3
1.904166667E-2,7.150379010E-3
1.906250000E-2,7.700226270E-3
1.908333333E-2,8.326352574E-3
1.910416667E-2,8.735644631E-3
1.912500000E-2,9.070548229E-3
1.914583333E-2,9.663537145E-3
1.916666667E-2,1.014106162E-2
1.918750000E-2,1.060305536E-2
1.920833333E-2,1.127778925E-2
1.922916667E-2,1.189600118E-2
1.925000000E-2,1.241338812E-2
1.927083333E-2,1.284241118E-2
1.929166667E-2,1.304182876E-2
1.931250000E-2,1.318727061E-2
1.933333333E-2,1.340100728E-2
1.935416667E-2,1.359529607E-2
1.937500000E-2,1.384691987E-2
1.939583333E-2,1.416280027E-2
1.941666667E-2,1.436594781E-2
1.943750000E-2,1.444903109E-2
1.945833333E-2,1.454697456E-2
1.947916667E-2,1.455351803E-2
1.950000000E-2,1.455578580E-2
1.952083333E-2,1.466338895E-2
1.954166667E-2,1.463299710E-2
1.956250000E-2,1.454506628E-2
1.958333333E-2,1.449278928E-2
1.960416667E-2,1.438495051E-2
1.962500000E-2,1.429660246E-2
1.964583333E-2,1.430851873E-2
1.966666667E-2,1.439159643E-2
1.968750000E-2,1.439855527E-2
1.970833333E-2,1.424197573E-2
1.972916667E-2,1.395365782E-2
1.975000000E-2,1.361854840E-2
1.977083333E-2,1.324246638E-2
1.979166667E-2,1.292272843E-2
1.981250000E-2,1.284423470E-2
1.983333333E-2,1.275861636E-2
1.985416667E-2,1.248313487E-2
1.987500000E-2,1.218994893E-2
1.989583333E-2,1.184806228E-2
1.991666667E-2,1.146332733E-2
1.993750000E-2,1.119596884E-2
1.995833333E-2,1.100196689E-2
1.997916667E-2,1.074143313E-2
2.000000000E-2,1.040451601E-2
2.002083333E-2,9.998805821E-3
2.004166667E-2,9.654399008E-3
2.006250000E-2,9.421672672E-3
2.008333333E-2,9.142420255E-3
2.010416667E-2,9.023210034E-3
2.012500000E-2,8.940773085E-3
2.014583333E-2,8.460658602E-3
2.016666667E-2,7.795475423E-3
2.018750000E-2,7.176377811E-3
2.020833333E-2,6.622642744E-3
2.022916667E-2,6.241781637E-3
2.025000000E-2,5.996822380E-3
2.027083333E-2,5.678888410E-3
2.029166667E-2,5.258099176E-3
2.031250000E-2,4.772990476E-3
2.033333333E-2,4.271004815E-3
2.035416667E-2,3.823910840E-3
2.037500000E-2,3.326441161E-3
2.039583333E-2,2.810453763E-3
2.041666667E-2,2.221046248E-3
2.043750000E-2,1.604301156E-3
2.045833333E-2,1.142780297E-3
2.047916667E-2,7.830849499E-4
2.050000000E-2,5.602589808E-4
2.052083333E-2,2.123834856E-4
2.054166667E-2,-2.576390107E-4
2.056250000E-2,-6.125357468E-4
2.058333333E-2,-1.040381612E-3
2.060416667E-2,-1.518856734E-3
2.062500000E-2,-2.003294649E-3
2.064583333E-2,-2.414762974E-3
2.066666667E-2,-2.690162975E-3
2.068750000E-2,-2.905033063E-3
2.070833333E-2,-3.072483931E-3
2.072916667E-2,-3.313760739E-3
2.075000000E-2,-3.602301236E-3
2.077083333E-2,-3.868082538E-3
2.079166667E-2,-4.141801968E-3
2.081250000E-2,-4.424718209E-3
2.083333333E-2,-4.623665940E-3
2.085416667E-2,-4.717964679E-3
2.087500000E-2,-4.791499116E-3
2.089583333E-2,-4.792822991E-3
2.091666667E-2,-4.739767406E-3
2.093750000E-2,-4.749239422E-3
2.095833333E-2,-4.823829047E-3
2.097916667E-2,-4.880324937E-3
2.100000000E-2,-4.951568320E-3
2.102083333E-2,-5.051894113E-3
2.104166667E-2,-5.111792590E-3
2.106250000E-2,-5.168855190E-3
2.108333333E-2,-5.240114406E-3
2.110416667E-2,-5.284738727E-3
2.112500000E-2,-5.235445220E-3
2.114583333E-2,-5.118089728E-3
2.116666667E-2,-5.052258261E-3
2.118750000E-2,-5.063960329E-3
2.120833333E-2,-5.154899321E-3
2.122916667E-2,-5.270305555E-3
2.125000000E-2,-5.301148165E-3
2.127083333E-2,-5.242159590E-3
2.129166667E-2,-5.071034189E-3
2.131250000E-2,-4.849239253E-3
2.133333333E-2,-4.666826222E-3
2.135416667E-2,-4.437151365E-3
2.137500000E-2,-4.188267048E-3
2.139583333E-2,-3.908101469E-3
2.141666667E-2,-3.589962143E-3
2.143750000E-2,-3.284169827E-3
2.145833333E-2,-3.009438515E-3
2.147916667E-2,-2.856814070E-3
2.150000000E-2,-2.582680900E-3
2.152083333E-2,-2.148819622E-3
2.154166667E-2,-1.727926079E-3
2.156250000E-2,-1.212601317E-3
2.158333333E-2,-7.719050045E-4
2.160416667E-2,-4.713074013E-4
2.162500000E-2,-1.947210258E-4
2.164583333E-2,-1.078453352E-5
2.166666667E-2,1.802116021E-4
2.168750000E-2,4.491495201E-4
2.170833333E-2,6.724018021E-4
2.172916667E-2,8.982376894E-4
2.175000000E-2,1.247277600E-3
2.177083333E-2,1.596254529E-3
2.179166667E-2,1.938062254E-3
2.181250000E-2,2.315543825E-3
2.183333333E-2,2.540219808E-3
2.185416667E-2,2.643207554E-3
2.187500000E-2,2.795901848E-3
2.189583333E-2,2.997730859E-3
2.191666667E-2,3.190283198E-3
2.193750000E-2,3.484675661E-3
2.195833333E-2,3.877460957E-3
2.197916667E-2,4.145966843E-3
2.200000000E-2,4.408336710E-3
2.202083333E-2,4.664647393E-3
2.204166667E-2,4.781401716E-3
2.206250000E-2,4.888794851E-3
2.208333333E-2,4.981247708E-3
2.210416667E-2,5.012429785E-3
2.212500000E-2,5.072565749E-3
2.214583333E-2,5.217953585E-3
2.216666667E-2,5.409804173E-3
2.218750000E-2,5.685694050E-3
2.220833333E-2,5.988456775E-3
2.222916667E-2,6.219453178E-3
2.225000000E-2,6.354958750E-3
2.227083333E-2,6.301237270E-3
2.229166667E-2,6.199060008E-3
2.231250000E-2,6.191574037E-3
2.233333333E-2,6.333111785E-3
2.235416667E-2,6.583352573E-3
2.237500000E-2,6.769783795E-3
2.239583333E-2,6.892192177E-3
2.241666667E-2,6.887516472E-3
2.243750000E-2,6.829981692E-3
2.245833333E-2,6.812809967E-3
2.247916667E-2,6.783714518E-3
2.250000000E-2,6.757662632E-3
2.252083333E-2,6.619972177E-3
2.254166667E-2,6.410760805E-3
2.256250000E-2,6.236736663E-3
2.258333333E-2,6.157846190E-3
2.260416667E-2,6.179931108E-3
2.262500000E-2,6.137457676E-3
2.264583333E-2,5.951528903E-3
2.266666667E-2,5.699005909E-3
2.268750000E-2,5.426163785E-3
2.270833333E-2,5.061918870E-3
2.272916667E-2,4.742662422E-3
2.275000000E-2,4.457188770E-3
2.277083333E-2,4.151517060E-3
2.279166667E-2,3.966656514E-3
2.281250000E-2,3.756839316E-3
2.283333333E-2,3.435692983E-3
2.285416667E-2,3.086125944E-3
2.287500000E-2,2.783169039E-3
2.289583333E-2,2.449265216E-3
2.291666667E-2,2.043132205E-3
2.293750000E-2,1.662938623E-3
2.295833333E-2,1.258964534E-3
2.297916667E-2,8.542854339E-4
2.300000000E-2,4.731343943E-4
2.302083333E-2,1.479649800E-4
2.304166667E-2,-1.334856934E-4
2.306250000E-2,-4.245322780E-4
2.308333333E-2,-7.353496039E-4
2.310416667E-2,-1.120325644E-3
2.312500000E-2,-1.506212750E-3
2.314583333E-2,-1.929789083E-3
2.316666667E-2,-2.409231151E-3
2.318750000E-2,-2.852206584E-3
2.320833333E-2,-3.303709440E-3
2.322916667E-2,-3.696671454E-3
2.325000000E-2,-3.999614622E-3
2.327083333E-2,-4.334116355E-3
2.329166667E-2,-4.697693512E-3
2.331250000E-2,-5.117243156E-3
2.333333333E-2,-5.617748480E-3
2.335416667E-2,-6.102969870E-3
2.337500000E-2,-6.538197398E-3
2.339583333E-2,-6.973810960E-3
2.341666667E-2,-7.393092848E-3
2.343750000E-2,-7.740074769E-3
2.345833333E-2,-8.080426604E-3
2.347916667E-2,-8.382853121E-3
2.350000000E-2,-8.654387668E-3
2.352083333E-2,-8.952319622E-3
2.354166667E-2,-9.229272604E-3
2.356250000E-2,-9.559164755E-3
2.358333333E-2,-9.971271269E-3
2.360416667E-2,-1.037942898E-2
2.362500000E-2,-1.066184510E-2
2.364583333E-2,-1.087599248E-2
2.366666667E-2,-1.110929064E-2
2.368750000E-2,-1.130146533E-2
2.370833333E-2,-1.153820194E-2
2.372916667E-2,-1.182796806E-2
2.375000000E-2,-1.213260647E-2
2.377083333E-2,-1.243294217E-2
2.379166667E-2,-1.267836895E-2
2.381250000E-2,-1.287560165E-2
2.383333333E-2,-1.302081067E-2
2.385416667E-2,-1.320688799E-2
2.387500000E-2,-1.336901262E-2
2.389583333E-2,-1.344805490E-2
2.391666667E-2,-1.351447217E-2
2.393750000E-2,-1.351243444E-2
2.395833333E-2,-1.355817262E-2
2.397916667E-2,-1.371209789E-2
2.400000000E-2,-1.387738995E-2
2.402083333E-2,-1.397333108E-2
2.404166667E-2,-1.396530122E-2
2.406250000E-2,-1.388354972E-2
2.408333333E-2,-1.377592236E-2
2.410416667E-2,-1.374696754E-2
2.412500000E-2,-1.374212466E-2
2.414583333E-2,-1.368837617E-2
2.416666667E-2,-1.358363964E-2
2.418750000E-2,-1.350097079E-2
2.420833333E-2,-1.352978498E-2
2.422916667E-2,-1.356194913E-2
2.425000000E-2,-1.351374201E-2
2.427083333E-2,-1.337426528E-2
2.429166667E-2,-1.310558431E-2
2.431250000E-2,-1.259699091E-2
2.433333333E-2,-1.194101200E-2
2.435416667E-2,-1.147391461E-2
2.437500000E-2,-1.124634966E-2
2.439583333E-2,-1.099938806E-2
2.441666667E-2,-1.060623396E-2
2.443750000E-2,-1.018008124E-2
2.445833333E-2,-9.747480042E-3
2.447916667E-2,-9.186793119E-3
2.450000000E-2,-8.450694382E-3
2.452083333E-2,-7.846183144E-3
2.454166667E-2,-7.607576437E-3
2.456250000E-2,-7.250138093E-3
2.458333333E-2,-6.596774794E-3
2.460416667E-2,-6.041248795E-3
2.462500000E-2,-5.638189614E-3
2.464583333E-2,-5.196877755E-3
2.466666667E-2,-4.745901562E-3
2.468750000E-2,-4.370680545E-3
2.470833333E-2,-3.804207314E-3
2.472916667E-2,-2.992835362E-3
2.475000000E-2,-2.066212008E-3
2.477083333E-2,-1.252483693E-3
2.479166667E-2,-9.517961880E-4
2.481250000E-2,-7.577672950E-4
2.483333333E-2,-3.127410891E-4
2.485416667E-2,1.745627960E-4
2.487500000E-2,9.023539023E-4
2.489583333E-2,1.827979926E-3
2.491666667E-2,2.566108014E-3
2.493750000E-2,3.133362159E-3
2.495833333E-2,3.596463939E-3
2.497916667E-2,3.959550988E-3
2.500000000E-2,4.480650648E-3
2.502083333E-2,5.119420122E-3
2.504166667E-2,5.579899531E-3
2.506250000E-2,6.035677157E-3
2.508333333E-2,6.493879482E-3
2.510416667E-2,6.875137798E-3
2.512500000E-2,7.506110705E-3
2.514583333E-2,8.113346063E-3
2.516666667E-2,8.504969999E-3
2.518750000E-2,9.097399190E-3
2.520833333E-2,9.604961611E-3
2.522916667E-2,9.912315756E-3
2.525000000E-2,1.041625533E-2
2.527083333E-2,1.086590253E-2
2.529166667E-2,1.126488205E-2
2.531250000E-2,1.193325594E-2
2.533333333E-2,1.248295978E-2
2.535416667E-2,1.279763691E-2
2.537500000E-2,1.324720029E-2
2.539583333E-2,1.359996386E-2
2.541666667E-2,1.375181694E-2
2.543750000E-2,1.394913159E-2
2.545833333E-2,1.410897076E-2
2.547916667E-2,1.435104571E-2
2.550000000E-2,1.466506906E-2
2.552083333E-2,1.474979892E-2
2.554166667E-2,1.479313895E-2
2.556250000E-2,1.497992873E-2
2.558333333E-2,1.506470144E-2
2.560416667E-2,1.489546895E-2
2.562500000E-2,1.470477134E-2
2.564583333E-2,1.474939287E-2
2.566666667E-2,1.487313397E-2
2.568750000E-2,1.484522037E-2
2.570833333E-2,1.462871674E-2
2.572916667E-2,1.436599437E-2
2.575000000E-2,1.428018417E-2
2.577083333E-2,1.426884159E-2
2.579166667E-2,1.432291791E-2
2.581250000E-2,1.447658334E-2
2.583333333E-2,1.441410650E-2
2.585416667E-2,1.401813142E-2
2.587500000E-2,1.336913090E-2
2.589583333E-2,1.282648928E-2
2.591666667E-2,1.273222733E-2
2.593750000E-2,1.269769296E-2
2.595833333E-2,1.239907183E-2
2.597916667E-2,1.205904502E-2
2.600000000E-2,1.169611327E-2
2.602083333E-2,1.124684513E-2
2.604166667E-2,1.091581024E-2
2.606250000E-2,1.077055279E-2
2.608333333E-2,1.062235050E-2
2.610416667E-2,1.018440165E-2
2.612500000E-2,9.509474039E-3
2.614583333E-2,9.072430432E-3
2.616666667E-2,8.854605258E-3
2.618750000E-2,8.571317419E-3
2.620833333E-2,8.441543207E-3
2.622916667E-2,8.401043713E-3
2.625000000E-2,8.077627979E-3
2.627083333E-2,7.427002303E-3
2.629166667E-2,6.610983051E-3
2.631250000E-2,5.986845121E-3
2.633333333E-2,5.624143872E-3
2.635416667E-2,5.333316978E-3
2.637500000E-2,5.060123745E-3
2.639583333E-2,4.720491357E-3
2.641666667E-2,4.253077321E-3
2.643750000E-2,3.641794901E-3
2.645833333E-2,3.083329182E-3
2.647916667E-2,2.696718089E-3
2.650000000E-2,2.268780489E-3
2.652083333E-2,1.690283651E-3
2.654166667E-2,9.934366681E-4
2.656250000E-2,4.353965051E-4
2.658333333E-2,2.195966517E-4
2.660416667E-2,1.006282255E-4
2.662500000E-2,-6.438234414E-5
2.664583333E-2,-3.221553052E-4
2.666666667E-2,-7.870677509E-4
2.668750000E-2,-1.318355673E-3
2.670833333E-2,-1.688128104E-3
2.672916667E-2,-1.930269878E-3
2.675000000E-2,-2.198077040E-3
2.677083333E-2,-2.471396932E-3
2.679166667E-2,-2.744740108E-3
2.681250000E-2,-2.958006691E-3
2.683333333E-2,-3.108386416E-3
2.685416667E-2,-3.311758628E-3
2.687500000E-2,-3.500068327E-3
2.689583333E-2,-3.722800408E-3
2.691666667E-2,-4.099086393E-3
2.693750000E-2,-4.455538001E-3
2.695833333E-2,-4.547628574E-3
2.697916667E-2,-4.497352522E-3
2.700000000E-2,-4.442431498E-3
2.702083333E-2,-4.393897951E-3
2.704166667E-2,-4.413031042E-3
2.706250000E-2,-4.427367821E-3
2.708333333E-2,-4.492365755E-3
2.710416667E-2,-4.628478084E-3
2.712500000E-2,-4.693526775E-3
2.714583333E-2,-4.697348457E-3
2.716666667E-2,-4.801507108E-3
2.718750000E-2,-5.033853464E-3
2.720833333E-2,-5.203592591E-3
2.722916667E-2,-5.218444858E-3
2.725000000E-2,-5.096538458E-3
2.727083333E-2,-4.963501357E-3
2.729166667E-2,-4.840036854E-3
2.731250000E-2,-4.741707817E-3
2.733333333E-2,-4.878965672E-3
2.735416667E-2,-5.101290997E-3
2.737500000E-2,-5.112349056E-3
2.739583333E-2,-4.860001151E-3
2.741666667E-2,-4.539367743E-3
2.743750000E-2,-4.382797051E-3
2.745833333E-2,-4.259315319E-3
2.747916667E-2,-4.027879797E-3
2.750000000E-2,-3.719750326E-3
2.752083333E-2,-3.358353628E-3
2.754166667E-2,-3.002263606E-3
2.756250000E-2,-2.738072537E-3
2.758333333E-2,-2.679139609E-3
2.760416667E-2,-2.703865059E-3
2.762500000E-2,-2.469185274E-3
2.764583333E-2,-1.964755589E-3
2.766666667E-2,-1.479666098E-3
2.768750000E-2,-1.119061606E-3
2.770833333E-2,-8.301160415E-4
2.772916667E-2,-5.751407589E-4
2.775000000E-2,-3.640960203E-4
2.777083333E-2,-2.220107417E-4
2.779166667E-2,-2.634269185E-5
2.781250000E-2,2.492717467E-4
2.783333333E-2,4.720935249E-4
2.785416667E-2,7.444795920E-4
2.787500000E-2,1.131299417E-3
2.789583333E-2,1.652676263E-3
2.791666667E-2,2.174115274E-3
2.793750000E-2,2.377546392E-3
2.795833333E-2,2.489408944E-3
2.797916667E-2,2.610052237E-3
2.800000000E-2,2.604876179E-3
2.802083333E-2,2.689939924E-3
2.804166667E-2,2.943180967E-3
2.806250000E-2,3.334912239E-3
2.808333333E-2,3.741269466E-3
2.810416667E-2,3.960192204E-3
2.812500000E-2,4.006171599E-3
2.814583333E-2,4.070290364E-3
2.816666667E-2,4.195701331E-3
2.818750000E-2,4.218707327E-3
2.820833333E-2,4.219643772E-3
2.822916667E-2,4.288591444E-3
2.825000000E-2,4.261788912E-3
2.827083333E-2,4.259027541E-3
2.829166667E-2,4.499147180E-3
2.831250000E-2,4.872843158E-3
2.833333333E-2,5.240893923E-3
2.835416667E-2,5.471321288E-3
2.837500000E-2,5.468087271E-3
2.839583333E-2,5.344706587E-3
2.841666667E-2,5.318751093E-3
2.843750000E-2,5.445105955E-3
2.845833333E-2,5.662433337E-3
2.847916667E-2,5.917358678E-3
2.850000000E-2,6.040383130E-3
2.852083333E-2,6.033750251E-3
2.854166667E-2,5.998827983E-3
2.856250000E-2,5.989971105E-3
2.858333333E-2,6.003170274E-3
2.860416667E-2,5.979612470E-3
2.862500000E-2,5.940315314E-3
2.864583333E-2,5.717321299E-3
2.866666667E-2,5.421776325E-3
2.868750000E-2,5.290442146E-3
2.870833333E-2,5.273832940E-3
2.872916667E-2,5.355810747E-3
2.875000000E-2,5.307810381E-3
2.877083333E-2,5.070993211E-3
2.879166667E-2,4.774673376E-3
2.881250000E-2,4.450986627E-3
2.883333333E-2,4.136141855E-3
2.885416667E-2,3.835727461E-3
2.887500000E-2,3.638488706E-3
2.889583333E-2,3.410103964E-3
2.891666667E-2,3.053917550E-3
2.893750000E-2,2.738587093E-3
2.895833333E-2,2.517633839E-3
2.897916667E-2,2.337431535E-3
2.900000000E-2,2.096543554E-3
2.902083333E-2,1.740546897E-3
2.904166667E-2,1.341131749E-3
2.906250000E-2,8.873695042E-4
2.908333333E-2,3.886035411E-4
2.910416667E-2,-1.746340422E-5
2.912500000E-2,-3.559840261E-4
2.914583333E-2,-6.111781695E-4
2.916666667E-2,-8.373409510E-4
2.918750000E-2,-1.187815098E-3
2.920833333E-2,-1.526266336E-3
2.922916667E-2,-1.847431762E-3
2.925000000E-2,-2.255681902E-3
2.927083333E-2,-2.745038830E-3
2.929166667E-2,-3.198490478E-3
2.931250000E-2,-3.576259362E-3
2.933333333E-2,-4.018356092E-3
2.935416667E-2,-4.337879829E-3
2.937500000E-2,-4.551488906E-3
2.939583333E-2,-4.859696142E-3
2.941666667E-2,-5.200900603E-3
2.943750000E-2,-5.705025047E-3
2.945833333E-2,-6.292698905E-3
2.947916667E-2,-6.770873442E-3
2.950000000E-2,-7.222711109E-3
2.952083333E-2,-7.664393168E-3
2.954166667E-2,-8.021201938E-3
2.956250000E-2,-8.336506784E-3
2.958333333E-2,-8.722772822E-3
2.960416667E-2,-9.088054299E-3
2.962500000E-2,-9.358470328E-3
2.964583333E-2,-9.657870047E-3
2.966666667E-2,-1.007346995E-2
2.968750000E-2,-1.062602177E-2
2.970833333E-2,-1.122331060E-2
2.972916667E-2,-1.162139047E-2
2.975000000E-2,-1.179712079E-2
2.977083333E-2,-1.194990426E-2
2.979166667E-2,-1.208654419E-2
2.981250000E-2,-1.226609387E-2
2.983333333E-2,-1.259309240E-2
2.985416667E-2,-1.292434894E-2
2.987500000E-2,-1.320402697E-2
2.989583333E-2,-1.343692839E-2
2.991666667E-2,-1.359579526E-2
2.993750000E-2,-1.381198596E-2
2.995833333E-2,-1.407513767E-2
2.997916667E-2,-1.427116804E-2
3.000000000E-2,-1.443949714E-2
3.002083333E-2,-1.449485123E-2
3.004166667E-2,-1.447829232E-2
3.006250000E-2,-1.459787413E-2
3.008333333E-2,-1.478376240E-2
3.010416667E-2,-1.498902123E-2
3.012500000E-2,-1.523571461E-2
3.014583333E-2,-1.542099286E-2
3.016666667E-2,-1.543562021E-2
3.018750000E-2,-1.530624367E-2
3.020833333E-2,-1.522881445E-2
3.022916667E-2,-1.527485251E-2
3.025000000E-2,-1.540167816E-2
3.027083333E-2,-1.552615315E-2
3.029166667E-2,-1.556409150E-2
3.031250000E-2,-1.556215808E-2
3.033333333E-2,-1.551079564E-2
3.035416667E-2,-1.543379389E-2
3.037500000E-2,-1.539686043E-2
3.039583333E-2,-1.529863104E-2
3.041666667E-2,-1.499954611E-2
3.043750000E-2,-1.440283004E-2
3.045833333E-2,-1.369613875E-2
3.047916667E-2,-1.320090424E-2
3.050000000E-2,-1.291774213E-2
3.052083333E-2,-1.271355711E-2
3.054166667E-2,-1.238189638E-2
3.056250000E-2,-1.180600375E-2
3.058333333E-2,-1.112139318E-2
3.060416667E-2,-1.044041570E-2
3.062500000E-2,-9.854207747E-3
3.064583333E-2,-9.401621297E-3
3.066666667E-2,-9.035762399E-3
3.068750000E-2,-8.565600030E-3
3.070833333E-2,-7.887243293E-3
3.072916667E-2,-7.264874876E-3
3.075000000E-2,-6.835676730E-3
3.077083333E-2,-6.456300616E-3
3.079166667E-2,-5.985446740E-3
3.081250000E-2,-5.407790188E-3
3.083333333E-2,-4.680033773E-3
3.085416667E-2,-3.792928765E-3
3.087500000E-2,-3.045880701E-3
3.089583333E-2,-2.578621730E-3
3.091666667E-2,-2.216908149E-3
3.093750000E-2,-1.869927510E-3
3.095833333E-2,-1.396047301E-3
3.097916667E-2,-6.438565906E-4
3.100000000E-2,2.430046006E-4
3.102083333E-2,1.066941768E-3
3.104166667E-2,1.765150460E-3
3.106250000E-2,2.307103947E-3
3.108333333E-2,2.757205162E-3
3.110416667E-2,3.308261279E-3
3.112500000E-2,3.987581003E-3
3.114583333E-2,4.585041665E-3
3.116666667E-2,5.086749792E-3
3.118750000E-2,5.499931984E-3
3.120833333E-2,5.847582128E-3
3.122916667E-2,6.412196904E-3
3.125000000E-2,7.133422419E-3
3.127083333E-2,7.834847085E-3
3.129166667E-2,8.482656442E-3
3.131250000E-2,8.977673948E-3
3.133333333E-2,9.390790015E-3
3.135416667E-2,9.826228954E-3
3.137500000E-2,1.036096271E-2
3.139583333E-2,1.097189263E-2
3.141666667E-2,1.161874551E-2
3.143750000E-2,1.221875288E-2
3.145833333E-2,1.261951681E-2
3.147916667E-2,1.299983170E-2
3.150000000E-2,1.348829269E-2
3.152083333E-2,1.391487382E-2
3.154166667E-2,1.410573535E-2
3.156250000E-2,1.418464817E-2
3.158333333E-2,1.437740028E-2
3.160416667E-2,1.458981633E-2
3.162500000E-2,1.480175182E-2
3.164583333E-2,1.499670930E-2
3.166666667E-2,1.517901383E-2
3.168750000E-2,1.529657748E-2
3.170833333E-2,1.515676267E-2
3.172916667E-2,1.504461374E-2
3.175000000E-2,1.512391679E-2
3.177083333E-2,1.523457095E-2
3.179166667E-2,1.526422054E-2
3.181250000E-2,1.506821252E-2
3.183333333E-2,1.480920427E-2
3.185416667E-2,1.461893320E-2
3.187500000E-2,1.446333528E-2
3.189583333E-2,1.451081317E-2
3.191666667E-2,1.461770386E-2
3.193750000E-2,1.452178694E-2
3.195833333E-2,1.419337559E-2
3.197916667E-2,1.357268915E-2
3.200000000E-2,1.299821027E-2
3.202083333E-2,1.273452304E-2
3.204166667E-2,1.265969127E-2
3.206250000E-2,1.257615723E-2
3.208333333E-2,1.227812842E-2
3.210416667E-2,1.184513606E-2
3.212500000E-2,1.133565791E-2
3.214583333E-2,1.096118428E-2
3.216666667E-2,1.081894524E-2
3.218750000E-2,1.063564792E-2
3.220833333E-2,1.030342933E-2
3.222916667E-2,9.801023640E-3
3.225000000E-2,9.268693626E-3
3.227083333E-2,8.851281367E-3
3.229166667E-2,8.623767644E-3
3.231250000E-2,8.515398018E-3
3.233333333E-2,8.365418762E-3
3.235416667E-2,8.018292487E-3
3.237500000E-2,7.373232860E-3
3.239583333E-2,6.647695787E-3
3.241666667E-2,5.966451485E-3
3.243750000E-2,5.440792069E-3
3.245833333E-2,5.112730432E-3
3.247916667E-2,4.851428792E-3
3.250000000E-2,4.465791397E-3
3.252083333E-2,3.818545491E-3
3.254166667E-2,3.195161466E-3
3.256250000E-2,2.675530035E-3
3.258333333E-2,2.221486298E-3
3.260416667E-2,1.819062862E-3
3.262500000E-2,1.293063164E-3
3.264583333E-2,6.825865130E-4
3.266666667E-2,7.293418457E-5
3.268750000E-2,-3.449559154E-4
3.270833333E-2,-4.963318934E-4
3.272916667E-2,-5.788886338E-4
3.275000000E-2,-8.658634615E-4
3.277083333E-2,-1.384696458E-3
3.279166667E-2,-1.950478530E-3
3.281250000E-2,-2.473587869E-3
3.283333333E-2,-2.759671304E-3
3.285416667E-2,-2.968975110E-3
3.287500000E-2,-3.254177049E-3
3.289583333E-2,-3.543873783E-3
3.291666667E-2,-3.917268477E-3
3.293750000E-2,-4.205352161E-3
3.295833333E-2,-4.393411800E-3
3.297916667E-2,-4.534773063E-3
3.300000000E-2,-4.679435864E-3
3.302083333E-2,-4.989561159E-3
3.304166667E-2,-5.352452397E-3
3.306250000E-2,-5.551078822E-3
3.308333333E-2,-5.491349846E-3
3.310416667E-2,-5.495556630E-3
3.312500000E-2,-5.631398410E-3
3.314583333E-2,-5.671954714E-3
3.316666667E-2,-5.718257278E-3
3.318750000E-2,-5.731303245E-3
3.320833333E-2,-5.770143121E-3
3.322916667E-2,-5.816757213E-3
3.325000000E-2,-5.793130025E-3
3.327083333E-2,-5.831128918E-3
3.329166667E-2,-5.900789984E-3
3.331250000E-2,-6.011649966E-3
3.333333333E-2,-6.086650304E-3
3.335416667E-2,-6.043103524E-3
3.337500000E-2,-5.915786140E-3
3.339583333E-2,-5.774253048E-3
3.341666667E-2,-5.664900411E-3
3.343750000E-2,-5.665409379E-3
3.345833333E-2,-5.856540520E-3
3.347916667E-2,-5.979970098E-3
3.350000000E-2,-5.870413035E-3
3.352083333E-2,-5.563720129E-3
3.354166667E-2,-5.311202258E-3
3.356250000E-2,-5.270761903E-3
3.358333333E-2,-5.205738358E-3
3.360416667E-2,-5.001797341E-3
3.362500000E-2,-4.644878674E-3
3.364583333E-2,-4.242330790E-3
3.366666667E-2,-3.876960836E-3
3.368750000E-2,-3.680849681E-3
3.370833333E-2,-3.666804638E-3
3.372916667E-2,-3.542055609E-3
3.375000000E-2,-3.177268198E-3
3.377083333E-2,-2.604856621E-3
3.379166667E-2,-2.061648993E-3
3.381250000E-2,-1.644369215E-3
3.383333333E-2,-1.333480468E-3
3.385416667E-2,-1.103558810E-3
3.387500000E-2,-8.089990006E-4
3.389583333E-2,-4.557608918E-4
3.391666667E-2,-8.735484153E-5
3.393750000E-2,2.417846117E-4
3.395833333E-2,5.262452178E-4
3.397916667E-2,7.886373205E-4
3.400000000E-2,1.085696975E-3
3.402083333E-2,1.428023912E-3
3.404166667E-2,1.787978923E-3
3.406250000E-2,2.047685673E-3
3.408333333E-2,2.072871197E-3
3.410416667E-2,2.057332313E-3
3.412500000E-2,2.072936855E-3
3.414583333E-2,2.148394706E-3
3.416666667E-2,2.368229441E-3
3.418750000E-2,2.641365863E-3
3.420833333E-2,2.868963405E-3
3.422916667E-2,2.993766917E-3
3.425000000E-2,3.002553247E-3
3.427083333E-2,3.017792245E-3
3.429166667E-2,3.163026180E-3
3.431250000E-2,3.295904025E-3
3.433333333E-2,3.339386778E-3
3.435416667E-2,3.280470381E-3
3.437500000E-2,3.232708666E-3
3.439583333E-2,3.372283187E-3
3.441666667E-2,3.582384437E-3
3.443750000E-2,3.885968355E-3
3.445833333E-2,4.132927395E-3
3.447916667E-2,4.147205967E-3
3.450000000E-2,4.097238183E-3
3.452083333E-2,4.004065879E-3
3.454166667E-2,4.029303323E-3
3.456250000E-2,4.271476995E-3
3.458333333E-2,4.558448214E-3
3.460416667E-2,4.739607684E-3
3.462500000E-2,4.736497998E-3
3.464583333E-2,4.667813890E-3
3.466666667E-2,4.645086825E-3
3.468750000E-2,4.703321029E-3
3.470833333E-2,4.792515654E-3
3.472916667E-2,4.822851159E-3
3.475000000E-2,4.686865024E-3
3.477083333E-2,4.370761104E-3
3.479166667E-2,4.098834470E-3
3.481250000E-2,3.951697145E-3
3.483333333E-2,4.013420083E-3
3.485416667E-2,4.195995629E-3
3.487500000E-2,4.131715279E-3
3.489583333E-2,3.879743163E-3
3.491666667E-2,3.530445043E-3
3.493750000E-2,3.144501243E-3
3.495833333E-2,2.892547287E-3
3.497916667E-2,2.691377420E-3
3.500000000E-2,2.483855933E-3
3.502083333E-2,2.217318397E-3
3.504166667E-2,1.870035194E-3
3.506250000E-2,1.524982508E-3
3.508333333E-2,1.271227608E-3
3.510416667E-2,1.131793601E-3
3.512500000E-2,9.115641587E-4
3.514583333E-2,5.241490435E-4
3.516666667E-2,6.921627210E-5
3.518750000E-2,-4.028508556E-4
3.520833333E-2,-8.332875441E-4
3.522916667E-2,-1.139874337E-3
3.525000000E-2,-1.362266135E-3
3.527083333E-2,-1.559054013E-3
3.529166667E-2,-1.808933332E-3
3.531250000E-2,-2.167301718E-3
3.533333333E-2,-2.484303433E-3
3.535416667E-2,-2.771672560E-3
3.537500000E-2,-3.140248591E-3
3.539583333E-2,-3.507067449E-3
3.541666667E-2,-3.864705563E-3
3.543750000E-2,-4.240079317E-3
3.545833333E-2,-4.527778365E-3
3.547916667E-2,-4.754678346E-3
3.550000000E-2,-5.008087493E-3
3.552083333E-2,-5.309416912E-3
3.554166667E-2,-5.704668351E-3
3.556250000E-2,-6.166618317E-3
3.558333333E-2,-6.655977573E-3
3.560416667E-2,-7.083480246E-3
3.562500000E-2,-7.430932485E-3
3.564583333E-2,-7.742830086E-3
3.566666667E-2,-8.070629090E-3
3.568750000E-2,-8.455188945E-3
3.570833333E-2,-8.754672483E-3
3.572916667E-2,-9.019155055E-3
3.575000000E-2,-9.251869284E-3
3.577083333E-2,-9.424889460E-3
3.579166667E-2,-9.775473736E-3
3.581250000E-2,-1.027080789E-2
3.583333333E-2,-1.073245890E-2
3.585416667E-2,-1.106390078E-2
3.587500000E-2,-1.126214024E-2
3.589583333E-2,-1.133583393E-2
3.591666667E-2,-1.140277274E-2
3.593750000E-2,-1.166672073E-2
3.595833333E-2,-1.202753559E-2
3.597916667E-2,-1.243015379E-2
3.600000000E-2,-1.273014583E-2
3.602083333E-2,-1.280323043E-2
3.604166667E-2,-1.283390168E-2
3.606250000E-2,-1.298774499E-2
3.608333333E-2,-1.325784810E-2
3.610416667E-2,-1.347335987E-2
3.612500000E-2,-1.367391180E-2
3.614583333E-2,-1.371135097E-2
3.616666667E-2,-1.350391656E-2
3.618750000E-2,-1.341806818E-2
3.620833333E-2,-1.355121937E-2
3.622916667E-2,-1.378815528E-2
3.625000000E-2,-1.392861269E-2
3.627083333E-2,-1.391520258E-2
3.629166667E-2,-1.381991431E-2
3.631250000E-2,-1.367184520E-2
3.633333333E-2,-1.361415721E-2
3.635416667E-2,-1.368423738E-2
3.637500000E-2,-1.382963173E-2
3.639583333E-2,-1.389931701E-2
3.641666667E-2,-1.381987520E-2
3.643750000E-2,-1.381094847E-2
3.645833333E-2,-1.388054341E-2
3.647916667E-2,-1.391850039E-2
3.650000000E-2,-1.391783170E-2
3.652083333E-2,-1.373725943E-2
3.654166667E-2,-1.337513328E-2
3.656250000E-2,-1.292121783E-2
3.658333333E-2,-1.245572045E-2
3.660416667E-2,-1.210874133E-2
3.662500000E-2,-1.183509734E-2
3.664583333E-2,-1.154370047E-2
3.666666667E-2,-1.121710055E-2
3.668750000E-2,-1.081989240E-2
3.670833333E-2,-1.026572753E-2
3.672916667E-2,-9.678823873E-3
3.675000000E-2,-9.129809216E-3
3.677083333E-2,-8.535800502E-3
3.679166667E-2,-8.058710024E-3
3.681250000E-2,-7.561556064E-3
3.683333333E-2,-7.033090107E-3
3.685416667E-2,-6.658701226E-3
3.687500000E-2,-6.301227957E-3
3.689583333E-2,-5.948763806E-3
3.691666667E-2,-5.500143860E-3
3.693750000E-2,-4.856227897E-3
3.695833333E-2,-4.076927900E-3
3.697916667E-2,-3.305913880E-3
3.700000000E-2,-2.642525127E-3
3.702083333E-2,-2.176832408E-3
3.704166667E-2,-1.937089022E-3
3.706250000E-2,-1.626629382E-3
3.708333333E-2,-1.153585268E-3
3.710416667E-2,-4.243269796E-4
3.712500000E-2,3.828116169E-4
3.714583333E-2,9.856863180E-4
3.716666667E-2,1.643699827E-3
3.718750000E-2,2.301415661E-3
3.720833333E-2,2.874578116E-3
3.722916667E-2,3.424508031E-3
3.725000000E-2,3.955252934E-3
3.727083333E-2,4.357428290E-3
3.729166667E-2,4.608299583E-3
3.731250000E-2,5.038546398E-3
3.733333333E-2,5.540983751E-3
3.735416667E-2,6.170163862E-3
3.737500000E-2,6.958067417E-3
3.739583333E-2,7.510572672E-3
3.741666667E-2,7.906546816E-3
3.743750000E-2,8.318558335E-3
3.745833333E-2,8.685812354E-3
3.747916667E-2,9.037633426E-3
3.750000000E-2,9.629885666E-3
3.752083333E-2,1.027674228E-2
3.754166667E-2,1.080517285E-2
3.756250000E-2,1.142125577E-2
3.758333333E-2,1.195572503E-2
3.760416667E-2,1.245909464E-2
3.762500000E-2,1.292380225E-2
3.764583333E-2,1.321339142E-2
3.766666667E-2,1.346613653E-2
3.768750000E-2,1.367331296E-2
3.770833333E-2,1.384154521E-2
3.772916667E-2,1.402629912E-2
3.775000000E-2,1.429598592E-2
3.777083333E-2,1.454927772E-2
3.779166667E-2,1.467194408E-2
3.781250000E-2,1.470835134E-2
3.783333333E-2,1.472403668E-2
3.785416667E-2,1.474666223E-2
3.787500000E-2,1.474690251E-2
3.789583333E-2,1.482232660E-2
3.791666667E-2,1.481773145E-2
3.793750000E-2,1.471819822E-2
3.795833333E-2,1.465060376E-2
3.797916667E-2,1.461397856E-2
3.800000000E-2,1.470655203E-2
3.802083333E-2,1.475465111E-2
3.804166667E-2,1.476854086E-2
3.806250000E-2,1.467635110E-2
3.808333333E-2,1.442664955E-2
3.810416667E-2,1.413003448E-2
3.812500000E-2,1.365033537E-2
3.814583333E-2,1.328297146E-2
3.816666667E-2,1.309711114E-2
3.818750000E-2,1.285706088E-2
3.820833333E-2,1.258279476E-2
3.822916667E-2,1.228208933E-2
3.825000000E-2,1.199184172E-2
3.827083333E-2,1.171433274E-2
3.829166667E-2,1.149178296E-2
3.831250000E-2,1.122767478E-2
3.833333333E-2,1.085387729E-2
3.835416667E-2,1.038140897E-2
3.837500000E-2,9.864493273E-3
3.839583333E-2,9.589709342E-3
3.841666667E-2,9.489124641E-3
3.843750000E-2,9.468415752E-3
3.845833333E-2,9.359490126E-3
3.847916667E-2,8.945243433E-3
3.850000000E-2,8.401257917E-3
3.852083333E-2,7.789163850E-3
3.854166667E-2,7.306722924E-3
3.856250000E-2,6.974182092E-3
3.858333333E-2,6.595564075E-3
3.860416667E-2,6.177118979E-3
3.862500000E-2,5.715141073E-3
3.864583333E-2,5.298914853E-3
3.866666667E-2,5.000198260E-3
3.868750000E-2,4.658915102E-3
3.870833333E-2,4.069237970E-3
3.872916667E-2,3.368777689E-3
3.875000000E-2,2.662460785E-3
3.877083333E-2,1.949226134E-3
3.879166667E-2,1.396581181E-3
3.881250000E-2,1.085536904E-3
3.883333333E-2,9.208497358E-4
3.885416667E-2,6.758347154E-4
3.887500000E-2,3.211067524E-4
3.889583333E-2,-4.908454139E-5
3.891666667E-2,-4.086107365E-4
3.893750000E-2,-8.048749296E-4
3.895833333E-2,-1.306589576E-3
3.897916667E-2,-1.772512915E-3
3.900000000E-2,-2.059119288E-3
3.902083333E-2,-2.280339831E-3
3.904166667E-2,-2.495817840E-3
3.906250000E-2,-2.699422650E-3
3.908333333E-2,-3.001760226E-3
3.910416667E-2,-3.302041441E-3
3.912500000E-2,-3.591739107E-3
3.914583333E-2,-4.008858465E-3
3.916666667E-2,-4.402347375E-3
3.918750000E-2,-4.672444426E-3
3.920833333E-2,-4.814159125E-3
3.922916667E-2,-4.751969595E-3
3.925000000E-2,-4.615483340E-3
3.927083333E-2,-4.608074669E-3
3.929166667E-2,-4.702456295E-3
3.931250000E-2,-4.852606915E-3
3.933333333E-2,-4.990401678E-3
3.935416667E-2,-5.067401566E-3
3.937500000E-2,-5.119803362E-3
3.939583333E-2,-5.191090051E-3
3.941666667E-2,-5.362777505E-3
3.943750000E-2,-5.524967797E-3
3.945833333E-2,-5.541442893E-3
3.947916667E-2,-5.427428521E-3
3.950000000E-2,-5.269168410E-3
3.952083333E-2,-5.271541886E-3
3.954166667E-2,-5.400984082E-3
3.956250000E-2,-5.486983340E-3
3.958333333E-2,-5.501032341E-3
3.960416667E-2,-5.366989411E-3
3.962500000E-2,-5.142814945E-3
3.964583333E-2,-5.002601072E-3
3.966666667E-2,-4.899650812E-3
3.968750000E-2,-4.728042521E-3
3.970833333E-2,-4.448919557E-3
3.972916667E-2,-4.029090516E-3
3.975000000E-2,-3.536130302E-3
3.977083333E-2,-3.125846852E-3
3.979166667E-2,-2.921687672E-3
3.981250000E-2,-2.742988989E-3
3.983333333E-2,-2.435719594E-3
3.985416667E-2,-2.125770086E-3
3.987500000E-2,-1.709723379E-3
3.989583333E-2,-1.183647895E-3
3.991666667E-2,-7.245751913E-4
3.993750000E-2,-3.187529219E-4
3.995833333E-2,4.375527715E-5
3.997916667E-2,3.525674110E-4
4.000000000E-2,6.220639916E-4
4.002083333E-2,8.955324301E-4
4.004166667E-2,1.165704802E-3
4.006250000E-2,1.417271327E-3
4.008333333E-2,1.736068400E-3
4.010416667E-2,2.125278581E-3
4.012500000E-2,2.532847226E-3
4.014583333E-2,3.017201088E-3
4.016666667E-2,3.525148612E-3
4.018750000E-2,3.871772438E-3
4.020833333E-2,4.064172041E-3
4.022916667E-2,4.177135415E-3
4.025000000E-2,4.227624740E-3
4.027083333E-2,4.381023347E-3
4.029166667E-2,4.697066266E-3
4.031250000E-2,5.026990548E-3
4.033333333E-2,5.339696538E-3
4.035416667E-2,5.615133327E-3
4.037500000E-2,5.766580813E-3
4.039583333E-2,5.855809432E-3
4.041666667E-2,5.971497390E-3
4.043750000E-2,5.973520223E-3
4.045833333E-2,5.890396424E-3
4.047916667E-2,5.930183921E-3
4.050000000E-2,6.048550829E-3
4.052083333E-2,6.227936130E-3
4.054166667E-2,6.489770021E-3
4.056250000E-2,6.772979628E-3
4.058333333E-2,6.949112285E-3
4.060416667E-2,6.963654887E-3
4.062500000E-2,6.975218654E-3
4.064583333E-2,6.991273724E-3
4.066666667E-2,7.081229240E-3
4.068750000E-2,7.215719204E-3
4.070833333E-2,7.191635668E-3
4.072916667E-2,7.227341644E-3
4.075000000E-2,7.368706632E-3
4.077083333E-2,7.430459373E-3
4.079166667E-2,7.447162643E-3
4.081250000E-2,7.441215683E-3
4.083333333E-2,7.311993279E-3
4.085416667E-2,7.080705836E-3
4.087500000E-2,6.859715097E-3
4.089583333E-2,6.621019915E-3
4.091666667E-2,6.523099728E-3
4.093750000E-2,6.551170722E-3
4.095833333E-2,6.522399373E-3
4.097916667E-2,6.394730881E-3
4.100000000E-2,6.140137557E-3
4.102083333E-2,5.870327353E-3
4.104166667E-2,5.560540594E-3
4.106250000E-2,5.258193240E-3
4.108333333E-2,4.987770226E-3
4.110416667E-2,4.678579979E-3
4.112500000E-2,4.315287340E-3
4.114583333E-2,3.854733193E-3
4.116666667E-2,3.498380538E-3
4.118750000E-2,3.250533249E-3
4.120833333E-2,3.014786635E-3
4.122916667E-2,2.791795647E-3
4.125000000E-2,2.449747408E-3
4.127083333E-2,1.969979145E-3
4.129166667E-2,1.427770243E-3
4.131250000E-2,9.681992233E-4
4.133333333E-2,6.044963957E-4
4.135416667E-2,2.661801118E-4
4.137500000E-2,-3.197651677E-5
4.139583333E-2,-3.419628483E-4
4.141666667E-2,-6.652831798E-4
4.143750000E-2,-1.023942837E-3
4.145833333E-2,-1.412911108E-3
4.147916667E-2,-1.772218617E-3
4.150000000E-2,-2.139401389E-3
4.152083333E-2,-2.601971617E-3
4.154166667E-2,-3.136723768E-3
4.156250000E-2,-3.592528170E-3
4.158333333E-2,-3.968314268E-3
4.160416667E-2,-4.260999151E-3
4.162500000E-2,-4.538560286E-3
4.164583333E-2,-4.934177734E-3
4.166666667E-2,-5.357241258E-3
4.168750000E-2,-5.843615625E-3
4.170833333E-2,-6.387782283E-3
4.172916667E-2,-6.866455078E-3
4.175000000E-2,-7.259841077E-3
4.177083333E-2,-7.616227493E-3
4.179166667E-2,-7.981177419E-3
4.181250000E-2,-8.213118650E-3
4.183333333E-2,-8.417742327E-3
4.185416667E-2,-8.689070120E-3
4.187500000E-2,-8.917797357E-3
4.189583333E-2,-9.296686389E-3
4.191666667E-2,-9.789946489E-3
4.193750000E-2,-1.025082916E-2
4.195833333E-2,-1.065118611E-2
4.197916667E-2,-1.086226758E-2
4.200000000E-2,-1.100608520E-2
4.202083333E-2,-1.120241731E-2
4.204166667E-2,-1.138785854E-2
4.206250000E-2,-1.160684973E-2
4.208333333E-2,-1.189567987E-2
4.210416667E-2,-1.219865587E-2
4.212500000E-2,-1.245451253E-2
4.214583333E-2,-1.270087995E-2
4.216666667E-2,-1.297441684E-2
4.218750000E-2,-1.323641837E-2
4.220833333E-2,-1.349020377E-2
4.222916667E-2,-1.362833846E-2
4.225000000E-2,-1.363318041E-2
4.227083333E-2,-1.363682002E-2
4.229166667E-2,-1.369829569E-2
4.231250000E-2,-1.385967154E-2
4.233333333E-2,-1.404944248E-2
4.235416667E-2,-1.421534177E-2
4.237500000E-2,-1.429907791E-2
4.239583333E-2,-1.420480013E-2
4.241666667E-2,-1.402786933E-2
4.243750000E-2,-1.393939741E-2
4.245833333E-2,-1.396839041E-2
4.247916667E-2,-1.398436632E-2
4.250000000E-2,-1.390456781E-2
4.252083333E-2,-1.382324658E-2
4.254166667E-2,-1.378298551E-2
4.256250000E-2,-1.378350705E-2
4.258333333E-2,-1.384086534E-2
4.260416667E-2,-1.383324340E-2
4.262500000E-2,-1.374761946E-2
4.264583333E-2,-1.354695391E-2
4.266666667E-2,""
